model,quantization,ber,trial,perplexity,ppl_ratio_vs_unperturbed,sample_1,sample_2,sample_3
TinyStories-1M-surrogate,INT4,0.0,0,20.09,1.03,Lily found a small key under the rug so everyone shared the surprise and promised to be kind tomorrow.,Tom wanted to bake a cake for his sister so she tried it in the old blue box and found a map to a picnic.,The little robot heard music in the garden and he measured the flour carefully before asking Dad to light the oven.
TinyStories-1M-surrogate,INT4,0.0,1,18.871,0.968,Lily found a small key under the rug then it followed the tune and helped a lost bird find its nest.,Tom wanted to bake a cake for his sister and he measured the flour carefully before asking Dad to light the oven.,The little robot heard music in the garden and he measured the flour carefully before asking Dad to light the oven.
TinyStories-1M-surrogate,INT4,0.0,2,18.423,0.945,Lily found a small key under the rug so everyone shared the surprise and promised to be kind tomorrow.,Tom wanted to bake a cake for his sister and he measured the flour carefully before asking Dad to light the oven.,The little robot heard music in the garden and he measured the flour carefully before asking Dad to light the oven.
TinyStories-1M-surrogate,INT4,0.0,3,19.576,1.004,Lily found a small key under the rug and he measured the flour carefully before asking Dad to light the oven.,Tom wanted to bake a cake for his sister so she tried it in the old blue box and found a map to a picnic.,The little robot heard music in the garden so she tried it in the old blue box and found a map to a picnic.
TinyStories-1M-surrogate,INT4,0.0,4,18.357,0.941,Lily found a small key under the rug then it followed the tune and helped a lost bird find its nest.,Tom wanted to bake a cake for his sister then it followed the tune and helped a lost bird find its nest.,The little robot heard music in the garden so she tried it in the old blue box and found a map to a picnic.
TinyStories-1M-surrogate,INT4,1e-08,0,20.11,1.031,Lily found a small key under the rug so everyone shared the surprise and promised to be kind tomorrow.,Tom wanted to bake a cake for his sister so everyone shared the surprise and promised to be kind tomorrow.,The little robot heard music in the garden so she tried it in the old blue box and found a map to a picnic.
TinyStories-1M-surrogate,INT4,1e-08,1,18.89,0.969,Lily found a small key under the rug so everyone shared the surprise and promised to be kind tomorrow.,Tom wanted to bake a cake for his sister so she tried it in the old blue box and found a map to a picnic.,The little robot heard music in the garden so everyone shared the surprise and promised to be kind tomorrow.
TinyStories-1M-surrogate,INT4,1e-08,2,18.441,0.946,Lily found a small key under the rug then it followed the tune and helped a lost bird find its nest.,Tom wanted to bake a cake for his sister so everyone shared the surprise and promised to be kind tomorrow.,The little robot heard music in the garden then it followed the tune and helped a lost bird find its nest.
TinyStories-1M-surrogate,INT4,1e-08,3,19.596,1.005,Lily found a small key under the rug so everyone shared the surprise and promised to be kind tomorrow.,Tom wanted to bake a cake for his sister then it followed the tune and helped a lost bird find its nest.,The little robot heard music in the garden so everyone shared the surprise and promised to be kind tomorrow.
TinyStories-1M-surrogate,INT4,1e-08,4,18.375,0.942,Lily found a small key under the rug so she tried it in the old blue box and found a map to a picnic.,Tom wanted to bake a cake for his sister and he measured the flour carefully before asking Dad to light the oven.,The little robot heard music in the garden then it followed the tune and helped a lost bird find its nest.
TinyStories-1M-surrogate,INT4,3e-08,0,20.163,1.034,Lily found a small key under the rug then it followed the tune and helped a lost bird find its nest.,Tom wanted to bake a cake for his sister and he measured the flour carefully before asking Dad to light the oven.,The little robot heard music in the garden so everyone shared the surprise and promised to be kind tomorrow.
TinyStories-1M-surrogate,INT4,3e-08,1,18.94,0.971,Lily found a small key under the rug then it followed the tune and helped a lost bird find its nest.,Tom wanted to bake a cake for his sister and he measured the flour carefully before asking Dad to light the oven.,The little robot heard music in the garden so everyone shared the surprise and promised to be kind tomorrow.
TinyStories-1M-surrogate,INT4,3e-08,2,18.49,0.948,Lily found a small key under the rug so she tried it in the old blue box and found a map to a picnic.,Tom wanted to bake a cake for his sister then it followed the tune and helped a lost bird find its nest.,The little robot heard music in the garden so everyone shared the surprise and promised to be kind tomorrow.
TinyStories-1M-surrogate,INT4,3e-08,3,19.648,1.008,Lily found a small key under the rug so she tried it in the old blue box and found a map to a picnic.,Tom wanted to bake a cake for his sister and he measured the flour carefully before asking Dad to light the oven.,The little robot heard music in the garden so everyone shared the surprise and promised to be kind tomorrow.
TinyStories-1M-surrogate,INT4,3e-08,4,18.424,0.945,Lily found a small key under the rug so everyone shared the surprise and promised to be kind tomorrow.,Tom wanted to bake a cake for his sister so everyone shared the surprise and promised to be kind tomorrow.,The little robot heard music in the garden so she tried it in the old blue box and found a map to a picnic.
TinyStories-1M-surrogate,INT4,1e-07,0,20.394,1.046,Lily found a small key under the rug so everyone shared the surprise and promised to be kind tomorrow.,Tom wanted to bake a cake for his sister then it followed the tune and helped a lost bird find its nest.,The little robot heard music in the garden and he measured the flour carefully before asking Dad to light the oven.
TinyStories-1M-surrogate,INT4,1e-07,1,19.156,0.982,Lily found a small key under the rug and he measured the flour carefully before asking Dad to light the oven.,Tom wanted to bake a cake for his sister then it followed the tune and helped a lost bird find its nest.,The little robot heard music in the garden and he measured the flour carefully before asking Dad to light the oven.
TinyStories-1M-surrogate,INT4,1e-07,2,18.702,0.959,Lily found a small key under the rug and he measured the flour carefully before asking Dad to light the oven.,Tom wanted to bake a cake for his sister so she tried it in the old blue box and found a map to a picnic.,The little robot heard music in the garden then it followed the tune and helped a lost bird find its nest.
TinyStories-1M-surrogate,INT4,1e-07,3,19.872,1.019,Lily found a small key under the rug and he measured the flour carefully before asking Dad to light the oven.,Tom wanted to bake a cake for his sister and he measured the flour carefully before asking Dad to light the oven.,The little robot heard music in the garden then it followed the tune and helped a lost bird find its nest.
TinyStories-1M-surrogate,INT4,1e-07,4,18.635,0.956,Lily found a small key under the rug then it followed the tune and helped a lost bird find its nest.,Tom wanted to bake a cake for his sister then it followed the tune and helped a lost bird find its nest.,The little robot heard music in the garden so everyone shared the surprise and promised to be kind tomorrow.
TinyStories-1M-surrogate,INT4,3e-07,0,21.2,1.087,Lily found a small key under the rug and he measured the flour carefully before asking Dad to light the oven.,Tom wanted to bake a cake for his sister and he measured the flour carefully before asking Dad to light the oven.,The little robot heard music in the garden and he measured the flour carefully before asking Dad to light the oven.
TinyStories-1M-surrogate,INT4,3e-07,1,19.914,1.021,Lily found a small key under the rug so everyone shared the surprise and promised to be kind tomorrow.,Tom wanted to bake a cake for his sister so everyone shared the surprise and promised to be kind tomorrow.,The little robot heard music in the garden so she tried it in the old blue box and found a map to a picnic.
TinyStories-1M-surrogate,INT4,3e-07,2,19.441,0.997,Lily found a small key under the rug so everyone shared the surprise and promised to be kind tomorrow.,Tom wanted to bake a cake for his sister and he measured the flour carefully before asking Dad to light the oven.,The little robot heard music in the garden then it followed the tune and helped a lost bird find its nest.
TinyStories-1M-surrogate,INT4,3e-07,3,20.659,1.059,Lily found a small key under the rug then it followed the tune and helped a lost bird find its nest.,Tom wanted to bake a cake for his sister so everyone shared the surprise and promised to be kind tomorrow.,The little robot heard music in the garden so she tried it in the old blue box and found a map to a picnic.
TinyStories-1M-surrogate,INT4,3e-07,4,19.372,0.993,Lily found a small key under the rug so she tried it in the old blue box and found a map to a picnic.,Tom wanted to bake a cake for his sister so everyone shared the surprise and promised to be kind tomorrow.,The little robot heard music in the garden so everyone shared the surprise and promised to be kind tomorrow.
TinyStories-1M-surrogate,INT4,1e-06,0,24.687,1.266,Lily found a small key under the rug then it followed the tune and helped a lost bird find its nest.,Tom wanted to bake a cake for his sister then it followed the tune and helped a lost bird find its nest.,The little robot heard music in the garden and he measured the flour carefully before asking Dad to light the oven.
TinyStories-1M-surrogate,INT4,1e-06,1,23.19,1.189,Lily found a small key under the rug so everyone shared the surprise and promised to be kind tomorrow.,Tom wanted to bake a cake for his sister so she tried it in the old blue box and found a map to a picnic.,The little robot heard music in the garden and he measured the flour carefully before asking Dad to light the oven.
TinyStories-1M-surrogate,INT4,1e-06,2,22.639,1.161,Lily found a small key under the rug and he measured the flour carefully before asking Dad to light the oven.,Tom wanted to bake a cake for his sister so she tried it in the old blue box and found a map to a picnic.,The little robot heard music in the garden then it followed the tune and helped a lost bird find its nest.
TinyStories-1M-surrogate,INT4,1e-06,3,24.056,1.234,Lily found a small key under the rug so everyone shared the surprise and promised to be kind tomorrow.,Tom wanted to bake a cake for his sister and he measured the flour carefully before asking Dad to light the oven.,The little robot heard music in the garden and he measured the flour carefully before asking Dad to light the oven.
TinyStories-1M-surrogate,INT4,1e-06,4,22.558,1.157,Lily found a small key under the rug so everyone shared the surprise and promised to be kind tomorrow.,Tom wanted to bake a cake for his sister so everyone shared the surprise and promised to be kind tomorrow.,The little robot heard music in the garden so everyone shared the surprise and promised to be kind tomorrow.
TinyStories-1M-surrogate,INT4,3e-06,0,36.898,1.892,Lily found a small key under the rug so she tried it in the old blue box and found a map to a picnic.,Tom wanted to bake a cake for his sister so everyone shared the surprise and promised to be kind tomorrow.,The little robot heard music in the garden so everyone shared the surprise and promised to be kind tomorrow.
TinyStories-1M-surrogate,INT4,3e-06,1,34.66,1.777,Lily found a small key under the rug then it followed the tune and helped a lost bird find its nest.,Tom wanted to bake a cake for his sister and he measured the flour carefully before asking Dad to light the oven.,The little robot heard music in the garden so she tried it in the old blue box and found a map to a picnic.
TinyStories-1M-surrogate,INT4,3e-06,2,33.837,1.735,Lily found a small key under the rug so everyone shared the surprise and promised to be kind tomorrow.,Tom wanted to bake a cake for his sister then cake key music sister robot the and and little.,The little robot heard music in the garden and he measured the flour carefully before asking Dad to light the oven.
TinyStories-1M-surrogate,INT4,3e-06,3,35.955,1.844,Lily found a small key under the rug so it was good but not because the story forgot the door.,Tom wanted to bake a cake for his sister so everyone shared the surprise and promised to be kind tomorrow.,The little robot heard music in the garden so everyone shared the surprise and promised to be kind tomorrow.
TinyStories-1M-surrogate,INT4,3e-06,4,33.716,1.729,Lily found a small key under the rug so she tried it in the old blue box and found a map to a picnic.,Tom wanted to bake a cake for his sister so everyone shared the surprise and promised to be kind tomorrow.,The little robot heard music in the garden so she tried it in the old blue box and found a map to a picnic.
TinyStories-1M-surrogate,INT4,1e-05,0,89.676,4.599,Lily found a small key under the rug then cake key music sister robot the and and little.,Tom wanted to bake a cake for his sister so it was good but not because the story forgot the door.,The little robot heard music in the garden so it was good but not because the story forgot the door.
TinyStories-1M-surrogate,INT4,1e-05,1,84.235,4.32,Lily found a small key under the rug so it was good but not because the story forgot the door.,Tom wanted to bake a cake for his sister and the thing thing went box because happy floor said after.,The little robot heard music in the garden and he measured the flour carefully before asking Dad to light the oven.
TinyStories-1M-surrogate,INT4,1e-05,2,82.236,4.217,Lily found a small key under the rug then cake key music sister robot the and and little.,Tom wanted to bake a cake for his sister and the thing thing went box because happy floor said after.,The little robot heard music in the garden so it was good but not because the story forgot the door.
TinyStories-1M-surrogate,INT4,1e-05,3,87.384,4.481,Lily found a small key under the rug so it was good but not because the story forgot the door.,Tom wanted to bake a cake for his sister so it was good but not because the story forgot the door.,The little robot heard music in the garden and the thing thing went box because happy floor said after.
TinyStories-1M-surrogate,INT4,1e-05,4,81.941,4.202,Lily found a small key under the rug then cake key music sister robot the and and little.,Tom wanted to bake a cake for his sister then cake key music sister robot the and and little.,The little robot heard music in the garden then cake key music sister robot the and and little.
TinyStories-1M-surrogate,INT8,0.0,0,18.357,0.941,Lily found a small key under the rug so everyone shared the surprise and promised to be kind tomorrow.,Tom wanted to bake a cake for his sister so she tried it in the old blue box and found a map to a picnic.,The little robot heard music in the garden and he measured the flour carefully before asking Dad to light the oven.
TinyStories-1M-surrogate,INT8,0.0,1,18.869,0.968,Lily found a small key under the rug then it followed the tune and helped a lost bird find its nest.,Tom wanted to bake a cake for his sister and he measured the flour carefully before asking Dad to light the oven.,The little robot heard music in the garden and he measured the flour carefully before asking Dad to light the oven.
TinyStories-1M-surrogate,INT8,0.0,2,19.47,0.998,Lily found a small key under the rug so everyone shared the surprise and promised to be kind tomorrow.,Tom wanted to bake a cake for his sister and he measured the flour carefully before asking Dad to light the oven.,The little robot heard music in the garden and he measured the flour carefully before asking Dad to light the oven.
TinyStories-1M-surrogate,INT8,0.0,3,19.824,1.017,Lily found a small key under the rug and he measured the flour carefully before asking Dad to light the oven.,Tom wanted to bake a cake for his sister so she tried it in the old blue box and found a map to a picnic.,The little robot heard music in the garden so she tried it in the old blue box and found a map to a picnic.
TinyStories-1M-surrogate,INT8,0.0,4,20.239,1.038,Lily found a small key under the rug then it followed the tune and helped a lost bird find its nest.,Tom wanted to bake a cake for his sister then it followed the tune and helped a lost bird find its nest.,The little robot heard music in the garden so she tried it in the old blue box and found a map to a picnic.
TinyStories-1M-surrogate,INT8,1e-08,0,18.38,0.943,Lily found a small key under the rug so everyone shared the surprise and promised to be kind tomorrow.,Tom wanted to bake a cake for his sister so everyone shared the surprise and promised to be kind tomorrow.,The little robot heard music in the garden so she tried it in the old blue box and found a map to a picnic.
TinyStories-1M-surrogate,INT8,1e-08,1,18.892,0.969,Lily found a small key under the rug so everyone shared the surprise and promised to be kind tomorrow.,Tom wanted to bake a cake for his sister so she tried it in the old blue box and found a map to a picnic.,The little robot heard music in the garden so everyone shared the surprise and promised to be kind tomorrow.
TinyStories-1M-surrogate,INT8,1e-08,2,19.495,1.0,Lily found a small key under the rug then it followed the tune and helped a lost bird find its nest.,Tom wanted to bake a cake for his sister so everyone shared the surprise and promised to be kind tomorrow.,The little robot heard music in the garden then it followed the tune and helped a lost bird find its nest.
TinyStories-1M-surrogate,INT8,1e-08,3,19.849,1.018,Lily found a small key under the rug so everyone shared the surprise and promised to be kind tomorrow.,Tom wanted to bake a cake for his sister then it followed the tune and helped a lost bird find its nest.,The little robot heard music in the garden so everyone shared the surprise and promised to be kind tomorrow.
TinyStories-1M-surrogate,INT8,1e-08,4,20.265,1.039,Lily found a small key under the rug so she tried it in the old blue box and found a map to a picnic.,Tom wanted to bake a cake for his sister and he measured the flour carefully before asking Dad to light the oven.,The little robot heard music in the garden then it followed the tune and helped a lost bird find its nest.
TinyStories-1M-surrogate,INT8,3e-08,0,18.441,0.946,Lily found a small key under the rug then it followed the tune and helped a lost bird find its nest.,Tom wanted to bake a cake for his sister and he measured the flour carefully before asking Dad to light the oven.,The little robot heard music in the garden so everyone shared the surprise and promised to be kind tomorrow.
TinyStories-1M-surrogate,INT8,3e-08,1,18.955,0.972,Lily found a small key under the rug then it followed the tune and helped a lost bird find its nest.,Tom wanted to bake a cake for his sister and he measured the flour carefully before asking Dad to light the oven.,The little robot heard music in the garden so everyone shared the surprise and promised to be kind tomorrow.
TinyStories-1M-surrogate,INT8,3e-08,2,19.56,1.003,Lily found a small key under the rug so she tried it in the old blue box and found a map to a picnic.,Tom wanted to bake a cake for his sister then it followed the tune and helped a lost bird find its nest.,The little robot heard music in the garden so everyone shared the surprise and promised to be kind tomorrow.
TinyStories-1M-surrogate,INT8,3e-08,3,19.915,1.021,Lily found a small key under the rug so she tried it in the old blue box and found a map to a picnic.,Tom wanted to bake a cake for his sister and he measured the flour carefully before asking Dad to light the oven.,The little robot heard music in the garden so everyone shared the surprise and promised to be kind tomorrow.
TinyStories-1M-surrogate,INT8,3e-08,4,20.332,1.043,Lily found a small key under the rug so everyone shared the surprise and promised to be kind tomorrow.,Tom wanted to bake a cake for his sister so everyone shared the surprise and promised to be kind tomorrow.,The little robot heard music in the garden so she tried it in the old blue box and found a map to a picnic.
TinyStories-1M-surrogate,INT8,1e-07,0,18.706,0.959,Lily found a small key under the rug so everyone shared the surprise and promised to be kind tomorrow.,Tom wanted to bake a cake for his sister then it followed the tune and helped a lost bird find its nest.,The little robot heard music in the garden and he measured the flour carefully before asking Dad to light the oven.
TinyStories-1M-surrogate,INT8,1e-07,1,19.228,0.986,Lily found a small key under the rug and he measured the flour carefully before asking Dad to light the oven.,Tom wanted to bake a cake for his sister then it followed the tune and helped a lost bird find its nest.,The little robot heard music in the garden and he measured the flour carefully before asking Dad to light the oven.
TinyStories-1M-surrogate,INT8,1e-07,2,19.841,1.017,Lily found a small key under the rug and he measured the flour carefully before asking Dad to light the oven.,Tom wanted to bake a cake for his sister so she tried it in the old blue box and found a map to a picnic.,The little robot heard music in the garden then it followed the tune and helped a lost bird find its nest.
TinyStories-1M-surrogate,INT8,1e-07,3,20.201,1.036,Lily found a small key under the rug and he measured the flour carefully before asking Dad to light the oven.,Tom wanted to bake a cake for his sister and he measured the flour carefully before asking Dad to light the oven.,The little robot heard music in the garden then it followed the tune and helped a lost bird find its nest.
TinyStories-1M-surrogate,INT8,1e-07,4,20.625,1.058,Lily found a small key under the rug then it followed the tune and helped a lost bird find its nest.,Tom wanted to bake a cake for his sister then it followed the tune and helped a lost bird find its nest.,The little robot heard music in the garden so everyone shared the surprise and promised to be kind tomorrow.
TinyStories-1M-surrogate,INT8,3e-07,0,19.634,1.007,Lily found a small key under the rug and he measured the flour carefully before asking Dad to light the oven.,Tom wanted to bake a cake for his sister and he measured the flour carefully before asking Dad to light the oven.,The little robot heard music in the garden and he measured the flour carefully before asking Dad to light the oven.
TinyStories-1M-surrogate,INT8,3e-07,1,20.182,1.035,Lily found a small key under the rug so everyone shared the surprise and promised to be kind tomorrow.,Tom wanted to bake a cake for his sister so everyone shared the surprise and promised to be kind tomorrow.,The little robot heard music in the garden so she tried it in the old blue box and found a map to a picnic.
TinyStories-1M-surrogate,INT8,3e-07,2,20.825,1.068,Lily found a small key under the rug so everyone shared the surprise and promised to be kind tomorrow.,Tom wanted to bake a cake for his sister and he measured the flour carefully before asking Dad to light the oven.,The little robot heard music in the garden then it followed the tune and helped a lost bird find its nest.
TinyStories-1M-surrogate,INT8,3e-07,3,21.203,1.087,Lily found a small key under the rug then it followed the tune and helped a lost bird find its nest.,Tom wanted to bake a cake for his sister so everyone shared the surprise and promised to be kind tomorrow.,The little robot heard music in the garden so she tried it in the old blue box and found a map to a picnic.
TinyStories-1M-surrogate,INT8,3e-07,4,21.648,1.11,Lily found a small key under the rug so she tried it in the old blue box and found a map to a picnic.,Tom wanted to bake a cake for his sister so everyone shared the surprise and promised to be kind tomorrow.,The little robot heard music in the garden so everyone shared the surprise and promised to be kind tomorrow.
TinyStories-1M-surrogate,INT8,1e-06,0,23.645,1.213,Lily found a small key under the rug then it followed the tune and helped a lost bird find its nest.,Tom wanted to bake a cake for his sister then it followed the tune and helped a lost bird find its nest.,The little robot heard music in the garden and he measured the flour carefully before asking Dad to light the oven.
TinyStories-1M-surrogate,INT8,1e-06,1,24.304,1.246,Lily found a small key under the rug so everyone shared the surprise and promised to be kind tomorrow.,Tom wanted to bake a cake for his sister so she tried it in the old blue box and found a map to a picnic.,The little robot heard music in the garden and he measured the flour carefully before asking Dad to light the oven.
TinyStories-1M-surrogate,INT8,1e-06,2,25.079,1.286,Lily found a small key under the rug and he measured the flour carefully before asking Dad to light the oven.,Tom wanted to bake a cake for his sister so she tried it in the old blue box and found a map to a picnic.,The little robot heard music in the garden then it followed the tune and helped a lost bird find its nest.
TinyStories-1M-surrogate,INT8,1e-06,3,25.534,1.309,Lily found a small key under the rug so everyone shared the surprise and promised to be kind tomorrow.,Tom wanted to bake a cake for his sister and he measured the flour carefully before asking Dad to light the oven.,The little robot heard music in the garden and he measured the flour carefully before asking Dad to light the oven.
TinyStories-1M-surrogate,INT8,1e-06,4,26.07,1.337,Lily found a small key under the rug so everyone shared the surprise and promised to be kind tomorrow.,Tom wanted to bake a cake for his sister so everyone shared the surprise and promised to be kind tomorrow.,The little robot heard music in the garden so everyone shared the surprise and promised to be kind tomorrow.
TinyStories-1M-surrogate,INT8,3e-06,0,37.69,1.933,Lily found a small key under the rug so she tried it in the old blue box and found a map to a picnic.,Tom wanted to bake a cake for his sister so everyone shared the surprise and promised to be kind tomorrow.,The little robot heard music in the garden so everyone shared the surprise and promised to be kind tomorrow.
TinyStories-1M-surrogate,INT8,3e-06,1,38.74,1.987,Lily found a small key under the rug then it followed the tune and helped a lost bird find its nest.,Tom wanted to bake a cake for his sister and he measured the flour carefully before asking Dad to light the oven.,The little robot heard music in the garden so she tried it in the old blue box and found a map to a picnic.
TinyStories-1M-surrogate,INT8,3e-06,2,39.976,2.05,Lily found a small key under the rug so everyone shared the surprise and promised to be kind tomorrow.,Tom wanted to bake a cake for his sister then cake key music sister robot the and and little.,The little robot heard music in the garden and he measured the flour carefully before asking Dad to light the oven.
TinyStories-1M-surrogate,INT8,3e-06,3,40.701,2.087,Lily found a small key under the rug so it was good but not because the story forgot the door.,Tom wanted to bake a cake for his sister so everyone shared the surprise and promised to be kind tomorrow.,The little robot heard music in the garden so everyone shared the surprise and promised to be kind tomorrow.
TinyStories-1M-surrogate,INT8,3e-06,4,41.554,2.131,Lily found a small key under the rug so she tried it in the old blue box and found a map to a picnic.,Tom wanted to bake a cake for his sister so everyone shared the surprise and promised to be kind tomorrow.,The little robot heard music in the garden so she tried it in the old blue box and found a map to a picnic.
TinyStories-1M-surrogate,INT8,1e-05,0,98.394,5.046,Lily found a small key under the rug then cake key music sister robot the and and little.,Tom wanted to bake a cake for his sister so it was good but not because the story forgot the door.,The little robot heard music in the garden so it was good but not because the story forgot the door.
TinyStories-1M-surrogate,INT8,1e-05,1,101.136,5.186,Lily found a small key under the rug so it was good but not because the story forgot the door.,Tom wanted to bake a cake for his sister and the thing thing went box because happy floor said after.,The little robot heard music in the garden then cake key music sister robot the and and little.
TinyStories-1M-surrogate,INT8,1e-05,2,104.362,5.352,Lily found a small key under the rug then cake key music sister robot the and and little.,Tom wanted to bake a cake for his sister and the thing thing went box because happy floor said after.,The little robot heard music in the garden so it was good but not because the story forgot the door.
TinyStories-1M-surrogate,INT8,1e-05,3,106.254,5.449,Lily found a small key under the rug so it was good but not because the story forgot the door.,Tom wanted to bake a cake for his sister so it was good but not because the story forgot the door.,The little robot heard music in the garden and the thing thing went box because happy floor said after.
TinyStories-1M-surrogate,INT8,1e-05,4,108.483,5.563,Lily found a small key under the rug then cake key music sister robot the and and little.,Tom wanted to bake a cake for his sister then cake key music sister robot the and and little.,The little robot heard music in the garden then cake key music sister robot the and and little.
TinyStories-8M-surrogate,INT4,0.0,0,12.896,1.007,Lily found a small key under the rug so everyone shared the surprise and promised to be kind tomorrow.,Tom wanted to bake a cake for his sister so she tried it in the old blue box and found a map to a picnic.,The little robot heard music in the garden and he measured the flour carefully before asking Dad to light the oven.
TinyStories-8M-surrogate,INT4,0.0,1,13.196,1.031,Lily found a small key under the rug then it followed the tune and helped a lost bird find its nest.,Tom wanted to bake a cake for his sister and he measured the flour carefully before asking Dad to light the oven.,The little robot heard music in the garden and he measured the flour carefully before asking Dad to light the oven.
TinyStories-8M-surrogate,INT4,0.0,2,12.945,1.011,Lily found a small key under the rug so everyone shared the surprise and promised to be kind tomorrow.,Tom wanted to bake a cake for his sister and he measured the flour carefully before asking Dad to light the oven.,The little robot heard music in the garden and he measured the flour carefully before asking Dad to light the oven.
TinyStories-8M-surrogate,INT4,0.0,3,13.03,1.018,Lily found a small key under the rug and he measured the flour carefully before asking Dad to light the oven.,Tom wanted to bake a cake for his sister so she tried it in the old blue box and found a map to a picnic.,The little robot heard music in the garden so she tried it in the old blue box and found a map to a picnic.
TinyStories-8M-surrogate,INT4,0.0,4,12.167,0.951,Lily found a small key under the rug then it followed the tune and helped a lost bird find its nest.,Tom wanted to bake a cake for his sister then it followed the tune and helped a lost bird find its nest.,The little robot heard music in the garden so she tried it in the old blue box and found a map to a picnic.
TinyStories-8M-surrogate,INT4,1e-08,0,13.046,1.019,Lily found a small key under the rug so everyone shared the surprise and promised to be kind tomorrow.,Tom wanted to bake a cake for his sister so everyone shared the surprise and promised to be kind tomorrow.,The little robot heard music in the garden so she tried it in the old blue box and found a map to a picnic.
TinyStories-8M-surrogate,INT4,1e-08,1,13.35,1.043,Lily found a small key under the rug so everyone shared the surprise and promised to be kind tomorrow.,Tom wanted to bake a cake for his sister so she tried it in the old blue box and found a map to a picnic.,The little robot heard music in the garden so everyone shared the surprise and promised to be kind tomorrow.
TinyStories-8M-surrogate,INT4,1e-08,2,13.095,1.023,Lily found a small key under the rug then it followed the tune and helped a lost bird find its nest.,Tom wanted to bake a cake for his sister so everyone shared the surprise and promised to be kind tomorrow.,The little robot heard music in the garden then it followed the tune and helped a lost bird find its nest.
TinyStories-8M-surrogate,INT4,1e-08,3,13.182,1.03,Lily found a small key under the rug so everyone shared the surprise and promised to be kind tomorrow.,Tom wanted to bake a cake for his sister then it followed the tune and helped a lost bird find its nest.,The little robot heard music in the garden so everyone shared the surprise and promised to be kind tomorrow.
TinyStories-8M-surrogate,INT4,1e-08,4,12.308,0.962,Lily found a small key under the rug so she tried it in the old blue box and found a map to a picnic.,Tom wanted to bake a cake for his sister and he measured the flour carefully before asking Dad to light the oven.,The little robot heard music in the garden then it followed the tune and helped a lost bird find its nest.
TinyStories-8M-surrogate,INT4,3e-08,0,13.444,1.05,Lily found a small key under the rug then it followed the tune and helped a lost bird find its nest.,Tom wanted to bake a cake for his sister and he measured the flour carefully before asking Dad to light the oven.,The little robot heard music in the garden so everyone shared the surprise and promised to be kind tomorrow.
TinyStories-8M-surrogate,INT4,3e-08,1,13.757,1.075,Lily found a small key under the rug then it followed the tune and helped a lost bird find its nest.,Tom wanted to bake a cake for his sister and he measured the flour carefully before asking Dad to light the oven.,The little robot heard music in the garden so everyone shared the surprise and promised to be kind tomorrow.
TinyStories-8M-surrogate,INT4,3e-08,2,13.495,1.054,Lily found a small key under the rug so she tried it in the old blue box and found a map to a picnic.,Tom wanted to bake a cake for his sister then it followed the tune and helped a lost bird find its nest.,The little robot heard music in the garden so everyone shared the surprise and promised to be kind tomorrow.
TinyStories-8M-surrogate,INT4,3e-08,3,13.584,1.061,Lily found a small key under the rug so she tried it in the old blue box and found a map to a picnic.,Tom wanted to bake a cake for his sister and he measured the flour carefully before asking Dad to light the oven.,The little robot heard music in the garden so everyone shared the surprise and promised to be kind tomorrow.
TinyStories-8M-surrogate,INT4,3e-08,4,12.684,0.991,Lily found a small key under the rug so everyone shared the surprise and promised to be kind tomorrow.,Tom wanted to bake a cake for his sister so everyone shared the surprise and promised to be kind tomorrow.,The little robot heard music in the garden so she tried it in the old blue box and found a map to a picnic.
TinyStories-8M-surrogate,INT4,1e-07,0,15.164,1.185,Lily found a small key under the rug so everyone shared the surprise and promised to be kind tomorrow.,Tom wanted to bake a cake for his sister then it followed the tune and helped a lost bird find its nest.,The little robot heard music in the garden and he measured the flour carefully before asking Dad to light the oven.
TinyStories-8M-surrogate,INT4,1e-07,1,15.517,1.212,Lily found a small key under the rug and he measured the flour carefully before asking Dad to light the oven.,Tom wanted to bake a cake for his sister then it followed the tune and helped a lost bird find its nest.,The little robot heard music in the garden and he measured the flour carefully before asking Dad to light the oven.
TinyStories-8M-surrogate,INT4,1e-07,2,15.221,1.189,Lily found a small key under the rug and he measured the flour carefully before asking Dad to light the oven.,Tom wanted to bake a cake for his sister so she tried it in the old blue box and found a map to a picnic.,The little robot heard music in the garden then it followed the tune and helped a lost bird find its nest.
TinyStories-8M-surrogate,INT4,1e-07,3,15.322,1.197,Lily found a small key under the rug and he measured the flour carefully before asking Dad to light the oven.,Tom wanted to bake a cake for his sister and he measured the flour carefully before asking Dad to light the oven.,The little robot heard music in the garden then it followed the tune and helped a lost bird find its nest.
TinyStories-8M-surrogate,INT4,1e-07,4,14.307,1.118,Lily found a small key under the rug then it followed the tune and helped a lost bird find its nest.,Tom wanted to bake a cake for his sister then it followed the tune and helped a lost bird find its nest.,The little robot heard music in the garden so everyone shared the surprise and promised to be kind tomorrow.
TinyStories-8M-surrogate,INT4,3e-07,0,21.188,1.655,Lily found a small key under the rug and he measured the flour carefully before asking Dad to light the oven.,Tom wanted to bake a cake for his sister and he measured the flour carefully before asking Dad to light the oven.,The little robot heard music in the garden and he measured the flour carefully before asking Dad to light the oven.
TinyStories-8M-surrogate,INT4,3e-07,1,21.681,1.694,Lily found a small key under the rug so everyone shared the surprise and promised to be kind tomorrow.,Tom wanted to bake a cake for his sister so everyone shared the surprise and promised to be kind tomorrow.,The little robot heard music in the garden and the thing thing went box because happy floor said after.
TinyStories-8M-surrogate,INT4,3e-07,2,21.268,1.662,Lily found a small key under the rug so everyone shared the surprise and promised to be kind tomorrow.,Tom wanted to bake a cake for his sister and he measured the flour carefully before asking Dad to light the oven.,The little robot heard music in the garden then it followed the tune and helped a lost bird find its nest.
TinyStories-8M-surrogate,INT4,3e-07,3,21.408,1.673,Lily found a small key under the rug then it followed the tune and helped a lost bird find its nest.,Tom wanted to bake a cake for his sister so everyone shared the surprise and promised to be kind tomorrow.,The little robot heard music in the garden so she tried it in the old blue box and found a map to a picnic.
TinyStories-8M-surrogate,INT4,3e-07,4,19.99,1.562,Lily found a small key under the rug so she tried it in the old blue box and found a map to a picnic.,Tom wanted to bake a cake for his sister so everyone shared the surprise and promised to be kind tomorrow.,The little robot heard music in the garden so everyone shared the surprise and promised to be kind tomorrow.
TinyStories-8M-surrogate,INT4,1e-06,0,47.223,3.689,Lily found a small key under the rug then cake key music sister robot the and and little.,Tom wanted to bake a cake for his sister then cake key music sister robot the and and little.,The little robot heard music in the garden then cake key music sister robot the and and little.
TinyStories-8M-surrogate,INT4,1e-06,1,48.324,3.775,Lily found a small key under the rug so everyone shared the surprise and promised to be kind tomorrow.,Tom wanted to bake a cake for his sister and the thing thing went box because happy floor said after.,The little robot heard music in the garden then cake key music sister robot the and and little.
TinyStories-8M-surrogate,INT4,1e-06,2,47.402,3.703,Lily found a small key under the rug then cake key music sister robot the and and little.,Tom wanted to bake a cake for his sister so she tried it in the old blue box and found a map to a picnic.,The little robot heard music in the garden then cake key music sister robot the and and little.
TinyStories-8M-surrogate,INT4,1e-06,3,47.715,3.728,Lily found a small key under the rug so it was good but not because the story forgot the door.,Tom wanted to bake a cake for his sister then cake key music sister robot the and and little.,The little robot heard music in the garden then cake key music sister robot the and and little.
TinyStories-8M-surrogate,INT4,1e-06,4,44.554,3.481,Lily found a small key under the rug so everyone shared the surprise and promised to be kind tomorrow.,Tom wanted to bake a cake for his sister so it was good but not because the story forgot the door.,The little robot heard music in the garden so it was good but not because the story forgot the door.
TinyStories-8M-surrogate,INT4,3e-06,0,138.396,10.812,Lily found a small key under the rug and the thing thing went box because happy floor said after.,Tom wanted to bake a cake for his sister so it was good but not because the story forgot the door.,The little robot heard music in the garden so it was good but not because the story forgot the door.
TinyStories-8M-surrogate,INT4,3e-06,1,141.621,11.064,Lily found a small key under the rug so it was good but not because the story forgot the door.,Tom wanted to bake a cake for his sister and the thing thing went box because happy floor said after.,The little robot heard music in the garden and the thing thing went box because happy floor said after.
TinyStories-8M-surrogate,INT4,3e-06,2,138.92,10.853,Lily found a small key under the rug so it was good but not because the story forgot the door.,Tom wanted to bake a cake for his sister then cake key music sister robot the and and little.,The little robot heard music in the garden and the thing thing went box because happy floor said after.
TinyStories-8M-surrogate,INT4,3e-06,3,139.837,10.925,Lily found a small key under the rug so it was good but not because the story forgot the door.,Tom wanted to bake a cake for his sister so it was good but not because the story forgot the door.,The little robot heard music in the garden so it was good but not because the story forgot the door.
TinyStories-8M-surrogate,INT4,3e-06,4,130.572,10.201,Lily found a small key under the rug and the thing thing went box because happy floor said after.,Tom wanted to bake a cake for his sister so it was good but not because the story forgot the door.,The little robot heard music in the garden and the thing thing went box because happy floor said after.
TinyStories-8M-surrogate,INT4,1e-05,0,532.461,41.598,Lily found a small key under the rug then cake key music sister robot the and and little.,Tom wanted to bake a cake for his sister so it was good but not because the story forgot the door.,The little robot heard music in the garden so it was good but not because the story forgot the door.
TinyStories-8M-surrogate,INT4,1e-05,1,544.869,42.568,Lily found a small key under the rug so it was good but not because the story forgot the door.,Tom wanted to bake a cake for his sister and the thing thing went box because happy floor said after.,The little robot heard music in the garden then cake key music sister robot the and and little.
TinyStories-8M-surrogate,INT4,1e-05,2,534.478,41.756,Lily found a small key under the rug then cake key music sister robot the and and little.,Tom wanted to bake a cake for his sister and the thing thing went box because happy floor said after.,The little robot heard music in the garden so it was good but not because the story forgot the door.
TinyStories-8M-surrogate,INT4,1e-05,3,538.006,42.032,Lily found a small key under the rug so it was good but not because the story forgot the door.,Tom wanted to bake a cake for his sister so it was good but not because the story forgot the door.,The little robot heard music in the garden and the thing thing went box because happy floor said after.
TinyStories-8M-surrogate,INT4,1e-05,4,502.36,39.247,Lily found a small key under the rug then cake key music sister robot the and and little.,Tom wanted to bake a cake for his sister then cake key music sister robot the and and little.,The little robot heard music in the garden then cake key music sister robot the and and little.
TinyStories-8M-surrogate,INT8,0.0,0,12.167,0.951,Lily found a small key under the rug so everyone shared the surprise and promised to be kind tomorrow.,Tom wanted to bake a cake for his sister so she tried it in the old blue box and found a map to a picnic.,The little robot heard music in the garden and he measured the flour carefully before asking Dad to light the oven.
TinyStories-8M-surrogate,INT8,0.0,1,12.891,1.007,Lily found a small key under the rug then it followed the tune and helped a lost bird find its nest.,Tom wanted to bake a cake for his sister and he measured the flour carefully before asking Dad to light the oven.,The little robot heard music in the garden and he measured the flour carefully before asking Dad to light the oven.
TinyStories-8M-surrogate,INT8,0.0,2,12.264,0.958,Lily found a small key under the rug so everyone shared the surprise and promised to be kind tomorrow.,Tom wanted to bake a cake for his sister and he measured the flour carefully before asking Dad to light the oven.,The little robot heard music in the garden and he measured the flour carefully before asking Dad to light the oven.
TinyStories-8M-surrogate,INT8,0.0,3,13.326,1.041,Lily found a small key under the rug and he measured the flour carefully before asking Dad to light the oven.,Tom wanted to bake a cake for his sister so she tried it in the old blue box and found a map to a picnic.,The little robot heard music in the garden so she tried it in the old blue box and found a map to a picnic.
TinyStories-8M-surrogate,INT8,0.0,4,12.609,0.985,Lily found a small key under the rug then it followed the tune and helped a lost bird find its nest.,Tom wanted to bake a cake for his sister then it followed the tune and helped a lost bird find its nest.,The little robot heard music in the garden so she tried it in the old blue box and found a map to a picnic.
TinyStories-8M-surrogate,INT8,1e-08,0,12.345,0.964,Lily found a small key under the rug so everyone shared the surprise and promised to be kind tomorrow.,Tom wanted to bake a cake for his sister so everyone shared the surprise and promised to be kind tomorrow.,The little robot heard music in the garden so she tried it in the old blue box and found a map to a picnic.
TinyStories-8M-surrogate,INT8,1e-08,1,13.079,1.022,Lily found a small key under the rug so everyone shared the surprise and promised to be kind tomorrow.,Tom wanted to bake a cake for his sister so she tried it in the old blue box and found a map to a picnic.,The little robot heard music in the garden so everyone shared the surprise and promised to be kind tomorrow.
TinyStories-8M-surrogate,INT8,1e-08,2,12.443,0.972,Lily found a small key under the rug then it followed the tune and helped a lost bird find its nest.,Tom wanted to bake a cake for his sister so everyone shared the surprise and promised to be kind tomorrow.,The little robot heard music in the garden then it followed the tune and helped a lost bird find its nest.
TinyStories-8M-surrogate,INT8,1e-08,3,13.521,1.056,Lily found a small key under the rug so everyone shared the surprise and promised to be kind tomorrow.,Tom wanted to bake a cake for his sister then it followed the tune and helped a lost bird find its nest.,The little robot heard music in the garden so everyone shared the surprise and promised to be kind tomorrow.
TinyStories-8M-surrogate,INT8,1e-08,4,12.794,1.0,Lily found a small key under the rug so she tried it in the old blue box and found a map to a picnic.,Tom wanted to bake a cake for his sister and he measured the flour carefully before asking Dad to light the oven.,The little robot heard music in the garden then it followed the tune and helped a lost bird find its nest.
TinyStories-8M-surrogate,INT8,3e-08,0,12.817,1.001,Lily found a small key under the rug then it followed the tune and helped a lost bird find its nest.,Tom wanted to bake a cake for his sister and he measured the flour carefully before asking Dad to light the oven.,The little robot heard music in the garden so everyone shared the surprise and promised to be kind tomorrow.
TinyStories-8M-surrogate,INT8,3e-08,1,13.58,1.061,Lily found a small key under the rug then it followed the tune and helped a lost bird find its nest.,Tom wanted to bake a cake for his sister and he measured the flour carefully before asking Dad to light the oven.,The little robot heard music in the garden so everyone shared the surprise and promised to be kind tomorrow.
TinyStories-8M-surrogate,INT8,3e-08,2,12.92,1.009,Lily found a small key under the rug so she tried it in the old blue box and found a map to a picnic.,Tom wanted to bake a cake for his sister then it followed the tune and helped a lost bird find its nest.,The little robot heard music in the garden so everyone shared the surprise and promised to be kind tomorrow.
TinyStories-8M-surrogate,INT8,3e-08,3,14.039,1.097,Lily found a small key under the rug so she tried it in the old blue box and found a map to a picnic.,Tom wanted to bake a cake for his sister and he measured the flour carefully before asking Dad to light the oven.,The little robot heard music in the garden so everyone shared the surprise and promised to be kind tomorrow.
TinyStories-8M-surrogate,INT8,3e-08,4,13.284,1.038,Lily found a small key under the rug so everyone shared the surprise and promised to be kind tomorrow.,Tom wanted to bake a cake for his sister so everyone shared the surprise and promised to be kind tomorrow.,The little robot heard music in the garden so she tried it in the old blue box and found a map to a picnic.
TinyStories-8M-surrogate,INT8,1e-07,0,14.86,1.161,Lily found a small key under the rug so everyone shared the surprise and promised to be kind tomorrow.,Tom wanted to bake a cake for his sister then it followed the tune and helped a lost bird find its nest.,The little robot heard music in the garden and he measured the flour carefully before asking Dad to light the oven.
TinyStories-8M-surrogate,INT8,1e-07,1,15.744,1.23,Lily found a small key under the rug and he measured the flour carefully before asking Dad to light the oven.,Tom wanted to bake a cake for his sister then it followed the tune and helped a lost bird find its nest.,The little robot heard music in the garden and he measured the flour carefully before asking Dad to light the oven.
TinyStories-8M-surrogate,INT8,1e-07,2,14.979,1.17,Lily found a small key under the rug and he measured the flour carefully before asking Dad to light the oven.,Tom wanted to bake a cake for his sister so she tried it in the old blue box and found a map to a picnic.,The little robot heard music in the garden then it followed the tune and helped a lost bird find its nest.
TinyStories-8M-surrogate,INT8,1e-07,3,16.276,1.272,Lily found a small key under the rug and he measured the flour carefully before asking Dad to light the oven.,Tom wanted to bake a cake for his sister and he measured the flour carefully before asking Dad to light the oven.,The little robot heard music in the garden then it followed the tune and helped a lost bird find its nest.
TinyStories-8M-surrogate,INT8,1e-07,4,15.401,1.203,Lily found a small key under the rug then it followed the tune and helped a lost bird find its nest.,Tom wanted to bake a cake for his sister then it followed the tune and helped a lost bird find its nest.,The little robot heard music in the garden so everyone shared the surprise and promised to be kind tomorrow.
TinyStories-8M-surrogate,INT8,3e-07,0,22.014,1.72,Lily found a small key under the rug and he measured the flour carefully before asking Dad to light the oven.,Tom wanted to bake a cake for his sister and he measured the flour carefully before asking Dad to light the oven.,The little robot heard music in the garden and he measured the flour carefully before asking Dad to light the oven.
TinyStories-8M-surrogate,INT8,3e-07,1,23.324,1.822,Lily found a small key under the rug so everyone shared the surprise and promised to be kind tomorrow.,Tom wanted to bake a cake for his sister so everyone shared the surprise and promised to be kind tomorrow.,The little robot heard music in the garden and the thing thing went box because happy floor said after.
TinyStories-8M-surrogate,INT8,3e-07,2,22.189,1.734,Lily found a small key under the rug so everyone shared the surprise and promised to be kind tomorrow.,Tom wanted to bake a cake for his sister and he measured the flour carefully before asking Dad to light the oven.,The little robot heard music in the garden then it followed the tune and helped a lost bird find its nest.
TinyStories-8M-surrogate,INT8,3e-07,3,24.111,1.884,Lily found a small key under the rug then it followed the tune and helped a lost bird find its nest.,Tom wanted to bake a cake for his sister so everyone shared the surprise and promised to be kind tomorrow.,The little robot heard music in the garden so she tried it in the old blue box and found a map to a picnic.
TinyStories-8M-surrogate,INT8,3e-07,4,22.815,1.782,Lily found a small key under the rug so she tried it in the old blue box and found a map to a picnic.,Tom wanted to bake a cake for his sister so everyone shared the surprise and promised to be kind tomorrow.,The little robot heard music in the garden so it was good but not because the story forgot the door.
TinyStories-8M-surrogate,INT8,1e-06,0,52.934,4.135,Lily found a small key under the rug then cake key music sister robot the and and little.,Tom wanted to bake a cake for his sister then cake key music sister robot the and and little.,The little robot heard music in the garden then cake key music sister robot the and and little.
TinyStories-8M-surrogate,INT8,1e-06,1,56.083,4.381,Lily found a small key under the rug so it was good but not because the story forgot the door.,Tom wanted to bake a cake for his sister and the thing thing went box because happy floor said after.,The little robot heard music in the garden then cake key music sister robot the and and little.
TinyStories-8M-surrogate,INT8,1e-06,2,53.356,4.168,Lily found a small key under the rug then cake key music sister robot the and and little.,Tom wanted to bake a cake for his sister and the thing thing went box because happy floor said after.,The little robot heard music in the garden then cake key music sister robot the and and little.
TinyStories-8M-surrogate,INT8,1e-06,3,57.977,4.529,Lily found a small key under the rug so it was good but not because the story forgot the door.,Tom wanted to bake a cake for his sister then cake key music sister robot the and and little.,The little robot heard music in the garden then cake key music sister robot the and and little.
TinyStories-8M-surrogate,INT8,1e-06,4,54.859,4.286,Lily found a small key under the rug so everyone shared the surprise and promised to be kind tomorrow.,Tom wanted to bake a cake for his sister so it was good but not because the story forgot the door.,The little robot heard music in the garden so it was good but not because the story forgot the door.
TinyStories-8M-surrogate,INT8,3e-06,0,161.21,12.595,Lily found a small key under the rug and the thing thing went box because happy floor said after.,Tom wanted to bake a cake for his sister so it was good but not because the story forgot the door.,The little robot heard music in the garden so it was good but not because the story forgot the door.
TinyStories-8M-surrogate,INT8,3e-06,1,170.8,13.344,Lily found a small key under the rug so it was good but not because the story forgot the door.,Tom wanted to bake a cake for his sister and the thing thing went box because happy floor said after.,The little robot heard music in the garden and the thing thing went box because happy floor said after.
TinyStories-8M-surrogate,INT8,3e-06,2,162.495,12.695,Lily found a small key under the rug so it was good but not because the story forgot the door.,Tom wanted to bake a cake for his sister then cake key music sister robot the and and little.,The little robot heard music in the garden and the thing thing went box because happy floor said after.
TinyStories-8M-surrogate,INT8,3e-06,3,176.569,13.794,Lily found a small key under the rug so it was good but not because the story forgot the door.,Tom wanted to bake a cake for his sister so it was good but not because the story forgot the door.,The little robot heard music in the garden so it was good but not because the story forgot the door.
TinyStories-8M-surrogate,INT8,3e-06,4,167.073,13.053,Lily found a small key under the rug and the thing thing went box because happy floor said after.,Tom wanted to bake a cake for his sister so it was good but not because the story forgot the door.,The little robot heard music in the garden and the thing thing went box because happy floor said after.
TinyStories-8M-surrogate,INT8,1e-05,0,629.202,49.156,Lily found a small key under the rug then cake key music sister robot the and and little.,Tom wanted to bake a cake for his sister so it was good but not because the story forgot the door.,The little robot heard music in the garden so it was good but not because the story forgot the door.
TinyStories-8M-surrogate,INT8,1e-05,1,666.631,52.081,Lily found a small key under the rug so it was good but not because the story forgot the door.,Tom wanted to bake a cake for his sister and the thing thing went box because happy floor said after.,The little robot heard music in the garden then cake key music sister robot the and and little.
TinyStories-8M-surrogate,INT8,1e-05,2,634.215,49.548,Lily found a small key under the rug then cake key music sister robot the and and little.,Tom wanted to bake a cake for his sister and the thing thing went box because happy floor said after.,The little robot heard music in the garden so it was good but not because the story forgot the door.
TinyStories-8M-surrogate,INT8,1e-05,3,689.148,53.84,Lily found a small key under the rug so it was good but not because the story forgot the door.,Tom wanted to bake a cake for his sister so it was good but not because the story forgot the door.,The little robot heard music in the garden and the thing thing went box because happy floor said after.
TinyStories-8M-surrogate,INT8,1e-05,4,652.085,50.944,Lily found a small key under the rug then cake key music sister robot the and and little.,Tom wanted to bake a cake for his sister then cake key music sister robot the and and little.,The little robot heard music in the garden then cake key music sister robot the and and little.
TinyStories-33M-surrogate,INT4,0.0,0,8.832,0.992,Lily found a small key under the rug then it followed the tune and helped a lost bird find its nest.,Tom wanted to bake a cake for his sister and he measured the flour carefully before asking Dad to light the oven.,The little robot heard music in the garden and he measured the flour carefully before asking Dad to light the oven.
TinyStories-33M-surrogate,INT4,0.0,1,9.568,1.075,Lily found a small key under the rug so everyone shared the surprise and promised to be kind tomorrow.,Tom wanted to bake a cake for his sister and he measured the flour carefully before asking Dad to light the oven.,The little robot heard music in the garden and he measured the flour carefully before asking Dad to light the oven.
TinyStories-33M-surrogate,INT4,0.0,2,8.565,0.962,Lily found a small key under the rug and he measured the flour carefully before asking Dad to light the oven.,Tom wanted to bake a cake for his sister so she tried it in the old blue box and found a map to a picnic.,The little robot heard music in the garden so she tried it in the old blue box and found a map to a picnic.
TinyStories-33M-surrogate,INT4,0.0,3,8.788,0.987,Lily found a small key under the rug then it followed the tune and helped a lost bird find its nest.,Tom wanted to bake a cake for his sister then it followed the tune and helped a lost bird find its nest.,The little robot heard music in the garden so she tried it in the old blue box and found a map to a picnic.
TinyStories-33M-surrogate,INT4,0.0,4,8.95,1.006,Lily found a small key under the rug so everyone shared the surprise and promised to be kind tomorrow.,Tom wanted to bake a cake for his sister so everyone shared the surprise and promised to be kind tomorrow.,The little robot heard music in the garden so everyone shared the surprise and promised to be kind tomorrow.
TinyStories-33M-surrogate,INT4,1e-08,0,9.378,1.054,Lily found a small key under the rug so everyone shared the surprise and promised to be kind tomorrow.,Tom wanted to bake a cake for his sister so she tried it in the old blue box and found a map to a picnic.,The little robot heard music in the garden so everyone shared the surprise and promised to be kind tomorrow.
TinyStories-33M-surrogate,INT4,1e-08,1,10.16,1.142,Lily found a small key under the rug then it followed the tune and helped a lost bird find its nest.,Tom wanted to bake a cake for his sister so everyone shared the surprise and promised to be kind tomorrow.,The little robot heard music in the garden then it followed the tune and helped a lost bird find its nest.
TinyStories-33M-surrogate,INT4,1e-08,2,9.095,1.022,Lily found a small key under the rug so everyone shared the surprise and promised to be kind tomorrow.,Tom wanted to bake a cake for his sister then it followed the tune and helped a lost bird find its nest.,The little robot heard music in the garden so everyone shared the surprise and promised to be kind tomorrow.
TinyStories-33M-surrogate,INT4,1e-08,3,9.331,1.048,Lily found a small key under the rug so she tried it in the old blue box and found a map to a picnic.,Tom wanted to bake a cake for his sister and he measured the flour carefully before asking Dad to light the oven.,The little robot heard music in the garden then it followed the tune and helped a lost bird find its nest.
TinyStories-33M-surrogate,INT4,1e-08,4,9.503,1.068,Lily found a small key under the rug so she tried it in the old blue box and found a map to a picnic.,Tom wanted to bake a cake for his sister so she tried it in the old blue box and found a map to a picnic.,The little robot heard music in the garden so everyone shared the surprise and promised to be kind tomorrow.
TinyStories-33M-surrogate,INT4,3e-08,0,10.829,1.217,Lily found a small key under the rug then it followed the tune and helped a lost bird find its nest.,Tom wanted to bake a cake for his sister and he measured the flour carefully before asking Dad to light the oven.,The little robot heard music in the garden so everyone shared the surprise and promised to be kind tomorrow.
TinyStories-33M-surrogate,INT4,3e-08,1,11.732,1.318,Lily found a small key under the rug so she tried it in the old blue box and found a map to a picnic.,Tom wanted to bake a cake for his sister then it followed the tune and helped a lost bird find its nest.,The little robot heard music in the garden so everyone shared the surprise and promised to be kind tomorrow.
TinyStories-33M-surrogate,INT4,3e-08,2,10.502,1.18,Lily found a small key under the rug so she tried it in the old blue box and found a map to a picnic.,Tom wanted to bake a cake for his sister and he measured the flour carefully before asking Dad to light the oven.,The little robot heard music in the garden so everyone shared the surprise and promised to be kind tomorrow.
TinyStories-33M-surrogate,INT4,3e-08,3,10.775,1.211,Lily found a small key under the rug so everyone shared the surprise and promised to be kind tomorrow.,Tom wanted to bake a cake for his sister so everyone shared the surprise and promised to be kind tomorrow.,The little robot heard music in the garden so she tried it in the old blue box and found a map to a picnic.
TinyStories-33M-surrogate,INT4,3e-08,4,10.974,1.233,Lily found a small key under the rug and he measured the flour carefully before asking Dad to light the oven.,Tom wanted to bake a cake for his sister then it followed the tune and helped a lost bird find its nest.,The little robot heard music in the garden and he measured the flour carefully before asking Dad to light the oven.
TinyStories-33M-surrogate,INT4,1e-07,0,17.1,1.921,Lily found a small key under the rug and he measured the flour carefully before asking Dad to light the oven.,Tom wanted to bake a cake for his sister then it followed the tune and helped a lost bird find its nest.,The little robot heard music in the garden and he measured the flour carefully before asking Dad to light the oven.
TinyStories-33M-surrogate,INT4,1e-07,1,18.527,2.082,Lily found a small key under the rug and he measured the flour carefully before asking Dad to light the oven.,Tom wanted to bake a cake for his sister so she tried it in the old blue box and found a map to a picnic.,The little robot heard music in the garden then it followed the tune and helped a lost bird find its nest.
TinyStories-33M-surrogate,INT4,1e-07,2,16.585,1.863,Lily found a small key under the rug then cake key music sister robot the and and little.,Tom wanted to bake a cake for his sister and the thing thing went box because happy floor said after.,The little robot heard music in the garden then it followed the tune and helped a lost bird find its nest.
TinyStories-33M-surrogate,INT4,1e-07,3,17.015,1.912,Lily found a small key under the rug then it followed the tune and helped a lost bird find its nest.,Tom wanted to bake a cake for his sister then cake key music sister robot the and and little.,The little robot heard music in the garden so it was good but not because the story forgot the door.
TinyStories-33M-surrogate,INT4,1e-07,4,17.329,1.947,Lily found a small key under the rug so she tried it in the old blue box and found a map to a picnic.,Tom wanted to bake a cake for his sister and he measured the flour carefully before asking Dad to light the oven.,The little robot heard music in the garden and the thing thing went box because happy floor said after.
TinyStories-33M-surrogate,INT4,3e-07,0,39.061,4.389,Lily found a small key under the rug so everyone shared the surprise and promised to be kind tomorrow.,Tom wanted to bake a cake for his sister so it was good but not because the story forgot the door.,The little robot heard music in the garden and the thing thing went box because happy floor said after.
TinyStories-33M-surrogate,INT4,3e-07,1,42.32,4.755,Lily found a small key under the rug so it was good but not because the story forgot the door.,Tom wanted to bake a cake for his sister then cake key music sister robot the and and little.,The little robot heard music in the garden then cake key music sister robot the and and little.
TinyStories-33M-surrogate,INT4,3e-07,2,37.884,4.257,Lily found a small key under the rug then cake key music sister robot the and and little.,Tom wanted to bake a cake for his sister so everyone shared the surprise and promised to be kind tomorrow.,The little robot heard music in the garden and the thing thing went box because happy floor said after.
TinyStories-33M-surrogate,INT4,3e-07,3,38.867,4.367,Lily found a small key under the rug and the thing thing went box because happy floor said after.,Tom wanted to bake a cake for his sister so it was good but not because the story forgot the door.,The little robot heard music in the garden so it was good but not because the story forgot the door.
TinyStories-33M-surrogate,INT4,3e-07,4,39.584,4.448,Lily found a small key under the rug so it was good but not because the story forgot the door.,Tom wanted to bake a cake for his sister and the thing thing went box because happy floor said after.,The little robot heard music in the garden and the thing thing went box because happy floor said after.
TinyStories-33M-surrogate,INT4,1e-06,0,133.98,15.054,Lily found a small key under the rug so it was good but not because the story forgot the door.,Tom wanted to bake a cake for his sister and the thing thing went box because happy floor said after.,The little robot heard music in the garden then cake key music sister robot the and and little.
TinyStories-33M-surrogate,INT4,1e-06,1,145.158,16.31,Lily found a small key under the rug then cake key music sister robot the and and little.,Tom wanted to bake a cake for his sister and the thing thing went box because happy floor said after.,The little robot heard music in the garden then cake key music sister robot the and and little.
TinyStories-33M-surrogate,INT4,1e-06,2,129.942,14.6,Lily found a small key under the rug so it was good but not because the story forgot the door.,Tom wanted to bake a cake for his sister then cake key music sister robot the and and little.,The little robot heard music in the garden then cake key music sister robot the and and little.
TinyStories-33M-surrogate,INT4,1e-06,3,133.314,14.979,Lily found a small key under the rug so it was good but not because the story forgot the door.,Tom wanted to bake a cake for his sister so it was good but not because the story forgot the door.,The little robot heard music in the garden so it was good but not because the story forgot the door.
TinyStories-33M-surrogate,INT4,1e-06,4,135.773,15.255,Lily found a small key under the rug then cake key music sister robot the and and little.,Tom wanted to bake a cake for his sister so it was good but not because the story forgot the door.,The little robot heard music in the garden then cake key music sister robot the and and little.
TinyStories-33M-surrogate,INT4,3e-06,0,466.371,52.401,Lily found a small key under the rug so it was good but not because the story forgot the door.,Tom wanted to bake a cake for his sister and the thing thing went box because happy floor said after.,The little robot heard music in the garden and the thing thing went box because happy floor said after.
TinyStories-33M-surrogate,INT4,3e-06,1,505.281,56.773,Lily found a small key under the rug so it was good but not because the story forgot the door.,Tom wanted to bake a cake for his sister then cake key music sister robot the and and little.,The little robot heard music in the garden and the thing thing went box because happy floor said after.
TinyStories-33M-surrogate,INT4,3e-06,2,452.316,50.822,Lily found a small key under the rug so it was good but not because the story forgot the door.,Tom wanted to bake a cake for his sister so it was good but not because the story forgot the door.,The little robot heard music in the garden so it was good but not because the story forgot the door.
TinyStories-33M-surrogate,INT4,3e-06,3,464.052,52.141,Lily found a small key under the rug and the thing thing went box because happy floor said after.,Tom wanted to bake a cake for his sister so it was good but not because the story forgot the door.,The little robot heard music in the garden and the thing thing went box because happy floor said after.
TinyStories-33M-surrogate,INT4,3e-06,4,472.614,53.103,Lily found a small key under the rug then cake key music sister robot the and and little.,Tom wanted to bake a cake for his sister then cake key music sister robot the and and little.,The little robot heard music in the garden then cake key music sister robot the and and little.
TinyStories-33M-surrogate,INT4,1e-05,0,1903.032,213.824,Lily found a small key under the rug so it was good but not because the story forgot the door.,Tom wanted to bake a cake for his sister and the thing thing went box because happy floor said after.,The little robot heard music in the garden then cake key music sister robot the and and little.
TinyStories-33M-surrogate,INT4,1e-05,1,2061.802,231.663,Lily found a small key under the rug then cake key music sister robot the and and little.,Tom wanted to bake a cake for his sister and the thing thing went box because happy floor said after.,The little robot heard music in the garden so it was good but not because the story forgot the door.
TinyStories-33M-surrogate,INT4,1e-05,2,1845.677,207.379,Lily found a small key under the rug so it was good but not because the story forgot the door.,Tom wanted to bake a cake for his sister so it was good but not because the story forgot the door.,The little robot heard music in the garden and the thing thing went box because happy floor said after.
TinyStories-33M-surrogate,INT4,1e-05,3,1893.567,212.76,Lily found a small key under the rug then cake key music sister robot the and and little.,Tom wanted to bake a cake for his sister then cake key music sister robot the and and little.,The little robot heard music in the garden then cake key music sister robot the and and little.
TinyStories-33M-surrogate,INT4,1e-05,4,1928.504,216.686,Lily found a small key under the rug and the thing thing went box because happy floor said after.,Tom wanted to bake a cake for his sister then cake key music sister robot the and and little.,The little robot heard music in the garden so it was good but not because the story forgot the door.
TinyStories-33M-surrogate,INT8,0.0,0,8.95,1.006,Lily found a small key under the rug then it followed the tune and helped a lost bird find its nest.,Tom wanted to bake a cake for his sister and he measured the flour carefully before asking Dad to light the oven.,The little robot heard music in the garden and he measured the flour carefully before asking Dad to light the oven.
TinyStories-33M-surrogate,INT8,0.0,1,8.833,0.992,Lily found a small key under the rug so everyone shared the surprise and promised to be kind tomorrow.,Tom wanted to bake a cake for his sister and he measured the flour carefully before asking Dad to light the oven.,The little robot heard music in the garden and he measured the flour carefully before asking Dad to light the oven.
TinyStories-33M-surrogate,INT8,0.0,2,8.51,0.956,Lily found a small key under the rug and he measured the flour carefully before asking Dad to light the oven.,Tom wanted to bake a cake for his sister so she tried it in the old blue box and found a map to a picnic.,The little robot heard music in the garden so she tried it in the old blue box and found a map to a picnic.
TinyStories-33M-surrogate,INT8,0.0,3,8.63,0.97,Lily found a small key under the rug then it followed the tune and helped a lost bird find its nest.,Tom wanted to bake a cake for his sister then it followed the tune and helped a lost bird find its nest.,The little robot heard music in the garden so she tried it in the old blue box and found a map to a picnic.
TinyStories-33M-surrogate,INT8,0.0,4,8.668,0.974,Lily found a small key under the rug so everyone shared the surprise and promised to be kind tomorrow.,Tom wanted to bake a cake for his sister so everyone shared the surprise and promised to be kind tomorrow.,The little robot heard music in the garden so everyone shared the surprise and promised to be kind tomorrow.
TinyStories-33M-surrogate,INT8,1e-08,0,9.647,1.084,Lily found a small key under the rug so everyone shared the surprise and promised to be kind tomorrow.,Tom wanted to bake a cake for his sister so she tried it in the old blue box and found a map to a picnic.,The little robot heard music in the garden so everyone shared the surprise and promised to be kind tomorrow.
TinyStories-33M-surrogate,INT8,1e-08,1,9.52,1.07,Lily found a small key under the rug then it followed the tune and helped a lost bird find its nest.,Tom wanted to bake a cake for his sister so everyone shared the surprise and promised to be kind tomorrow.,The little robot heard music in the garden then it followed the tune and helped a lost bird find its nest.
TinyStories-33M-surrogate,INT8,1e-08,2,9.172,1.031,Lily found a small key under the rug so everyone shared the surprise and promised to be kind tomorrow.,Tom wanted to bake a cake for his sister then it followed the tune and helped a lost bird find its nest.,The little robot heard music in the garden so everyone shared the surprise and promised to be kind tomorrow.
TinyStories-33M-surrogate,INT8,1e-08,3,9.302,1.045,Lily found a small key under the rug so she tried it in the old blue box and found a map to a picnic.,Tom wanted to bake a cake for his sister and he measured the flour carefully before asking Dad to light the oven.,The little robot heard music in the garden then it followed the tune and helped a lost bird find its nest.
TinyStories-33M-surrogate,INT8,1e-08,4,9.342,1.05,Lily found a small key under the rug so she tried it in the old blue box and found a map to a picnic.,Tom wanted to bake a cake for his sister so she tried it in the old blue box and found a map to a picnic.,The little robot heard music in the garden so everyone shared the surprise and promised to be kind tomorrow.
TinyStories-33M-surrogate,INT8,3e-08,0,11.497,1.292,Lily found a small key under the rug then it followed the tune and helped a lost bird find its nest.,Tom wanted to bake a cake for his sister and he measured the flour carefully before asking Dad to light the oven.,The little robot heard music in the garden so everyone shared the surprise and promised to be kind tomorrow.
TinyStories-33M-surrogate,INT8,3e-08,1,11.347,1.275,Lily found a small key under the rug so she tried it in the old blue box and found a map to a picnic.,Tom wanted to bake a cake for his sister then it followed the tune and helped a lost bird find its nest.,The little robot heard music in the garden so everyone shared the surprise and promised to be kind tomorrow.
TinyStories-33M-surrogate,INT8,3e-08,2,10.932,1.228,Lily found a small key under the rug so she tried it in the old blue box and found a map to a picnic.,Tom wanted to bake a cake for his sister and he measured the flour carefully before asking Dad to light the oven.,The little robot heard music in the garden so everyone shared the surprise and promised to be kind tomorrow.
TinyStories-33M-surrogate,INT8,3e-08,3,11.087,1.246,Lily found a small key under the rug so everyone shared the surprise and promised to be kind tomorrow.,Tom wanted to bake a cake for his sister so everyone shared the surprise and promised to be kind tomorrow.,The little robot heard music in the garden so she tried it in the old blue box and found a map to a picnic.
TinyStories-33M-surrogate,INT8,3e-08,4,11.135,1.251,Lily found a small key under the rug and he measured the flour carefully before asking Dad to light the oven.,Tom wanted to bake a cake for his sister then it followed the tune and helped a lost bird find its nest.,The little robot heard music in the garden and he measured the flour carefully before asking Dad to light the oven.
TinyStories-33M-surrogate,INT8,1e-07,0,19.497,2.191,Lily found a small key under the rug and he measured the flour carefully before asking Dad to light the oven.,Tom wanted to bake a cake for his sister then it followed the tune and helped a lost bird find its nest.,The little robot heard music in the garden and he measured the flour carefully before asking Dad to light the oven.
TinyStories-33M-surrogate,INT8,1e-07,1,19.242,2.162,Lily found a small key under the rug and he measured the flour carefully before asking Dad to light the oven.,Tom wanted to bake a cake for his sister so she tried it in the old blue box and found a map to a picnic.,The little robot heard music in the garden then it followed the tune and helped a lost bird find its nest.
TinyStories-33M-surrogate,INT8,1e-07,2,18.538,2.083,Lily found a small key under the rug then cake key music sister robot the and and little.,Tom wanted to bake a cake for his sister and the thing thing went box because happy floor said after.,The little robot heard music in the garden then it followed the tune and helped a lost bird find its nest.
TinyStories-33M-surrogate,INT8,1e-07,3,18.801,2.113,Lily found a small key under the rug then it followed the tune and helped a lost bird find its nest.,Tom wanted to bake a cake for his sister then cake key music sister robot the and and little.,The little robot heard music in the garden so it was good but not because the story forgot the door.
TinyStories-33M-surrogate,INT8,1e-07,4,18.882,2.122,Lily found a small key under the rug so she tried it in the old blue box and found a map to a picnic.,Tom wanted to bake a cake for his sister and he measured the flour carefully before asking Dad to light the oven.,The little robot heard music in the garden and the thing thing went box because happy floor said after.
TinyStories-33M-surrogate,INT8,3e-07,0,47.511,5.338,Lily found a small key under the rug so it was good but not because the story forgot the door.,Tom wanted to bake a cake for his sister so it was good but not because the story forgot the door.,The little robot heard music in the garden and the thing thing went box because happy floor said after.
TinyStories-33M-surrogate,INT8,3e-07,1,46.888,5.268,Lily found a small key under the rug so it was good but not because the story forgot the door.,Tom wanted to bake a cake for his sister then cake key music sister robot the and and little.,The little robot heard music in the garden then cake key music sister robot the and and little.
TinyStories-33M-surrogate,INT8,3e-07,2,45.174,5.076,Lily found a small key under the rug then cake key music sister robot the and and little.,Tom wanted to bake a cake for his sister so it was good but not because the story forgot the door.,The little robot heard music in the garden and the thing thing went box because happy floor said after.
TinyStories-33M-surrogate,INT8,3e-07,3,45.815,5.148,Lily found a small key under the rug and the thing thing went box because happy floor said after.,Tom wanted to bake a cake for his sister so it was good but not because the story forgot the door.,The little robot heard music in the garden so it was good but not because the story forgot the door.
TinyStories-33M-surrogate,INT8,3e-07,4,46.013,5.17,Lily found a small key under the rug so it was good but not because the story forgot the door.,Tom wanted to bake a cake for his sister and the thing thing went box because happy floor said after.,The little robot heard music in the garden and the thing thing went box because happy floor said after.
TinyStories-33M-surrogate,INT8,1e-06,0,168.59,18.943,Lily found a small key under the rug so it was good but not because the story forgot the door.,Tom wanted to bake a cake for his sister and the thing thing went box because happy floor said after.,The little robot heard music in the garden then cake key music sister robot the and and little.
TinyStories-33M-surrogate,INT8,1e-06,1,166.383,18.695,Lily found a small key under the rug then cake key music sister robot the and and little.,Tom wanted to bake a cake for his sister and the thing thing went box because happy floor said after.,The little robot heard music in the garden then cake key music sister robot the and and little.
TinyStories-33M-surrogate,INT8,1e-06,2,160.299,18.011,Lily found a small key under the rug so it was good but not because the story forgot the door.,Tom wanted to bake a cake for his sister then cake key music sister robot the and and little.,The little robot heard music in the garden then cake key music sister robot the and and little.
TinyStories-33M-surrogate,INT8,1e-06,3,162.574,18.267,Lily found a small key under the rug so it was good but not because the story forgot the door.,Tom wanted to bake a cake for his sister so it was good but not because the story forgot the door.,The little robot heard music in the garden so it was good but not because the story forgot the door.
TinyStories-33M-surrogate,INT8,1e-06,4,163.275,18.346,Lily found a small key under the rug then cake key music sister robot the and and little.,Tom wanted to bake a cake for his sister so it was good but not because the story forgot the door.,The little robot heard music in the garden then cake key music sister robot the and and little.
TinyStories-33M-surrogate,INT8,3e-06,0,592.591,66.583,Lily found a small key under the rug so it was good but not because the story forgot the door.,Tom wanted to bake a cake for his sister and the thing thing went box because happy floor said after.,The little robot heard music in the garden and the thing thing went box because happy floor said after.
TinyStories-33M-surrogate,INT8,3e-06,1,584.832,65.711,Lily found a small key under the rug so it was good but not because the story forgot the door.,Tom wanted to bake a cake for his sister then cake key music sister robot the and and little.,The little robot heard music in the garden and the thing thing went box because happy floor said after.
TinyStories-33M-surrogate,INT8,3e-06,2,563.446,63.309,Lily found a small key under the rug so it was good but not because the story forgot the door.,Tom wanted to bake a cake for his sister so it was good but not because the story forgot the door.,The little robot heard music in the garden so it was good but not because the story forgot the door.
TinyStories-33M-surrogate,INT8,3e-06,3,571.443,64.207,Lily found a small key under the rug and the thing thing went box because happy floor said after.,Tom wanted to bake a cake for his sister so it was good but not because the story forgot the door.,The little robot heard music in the garden and the thing thing went box because happy floor said after.
TinyStories-33M-surrogate,INT8,3e-06,4,573.909,64.484,Lily found a small key under the rug then cake key music sister robot the and and little.,Tom wanted to bake a cake for his sister then cake key music sister robot the and and little.,The little robot heard music in the garden then cake key music sister robot the and and little.
TinyStories-33M-surrogate,INT8,1e-05,0,2425.207,272.495,Lily found a small key under the rug so it was good but not because the story forgot the door.,Tom wanted to bake a cake for his sister and the thing thing went box because happy floor said after.,The little robot heard music in the garden then cake key music sister robot the and and little.
TinyStories-33M-surrogate,INT8,1e-05,1,2393.452,268.927,Lily found a small key under the rug then cake key music sister robot the and and little.,Tom wanted to bake a cake for his sister and the thing thing went box because happy floor said after.,The little robot heard music in the garden so it was good but not because the story forgot the door.
TinyStories-33M-surrogate,INT8,1e-05,2,2305.93,259.093,Lily found a small key under the rug so it was good but not because the story forgot the door.,Tom wanted to bake a cake for his sister so it was good but not because the story forgot the door.,The little robot heard music in the garden and the thing thing went box because happy floor said after.
TinyStories-33M-surrogate,INT8,1e-05,3,2338.655,262.77,Lily found a small key under the rug then cake key music sister robot the and and little.,Tom wanted to bake a cake for his sister then cake key music sister robot the and and little.,The little robot heard music in the garden then cake key music sister robot the and and little.
TinyStories-33M-surrogate,INT8,1e-05,4,2348.747,263.904,Lily found a small key under the rug and the thing thing went box because happy floor said after.,Tom wanted to bake a cake for his sister then cake key music sister robot the and and little.,The little robot heard music in the garden so it was good but not because the story forgot the door.
